ProductRegNo,SLPID,TAC,RegType,IMEI
SQASI/20/LBL/759822,HIDF15000115,RGCF/06A/0120/S(19-5116),IMEI,863203041145356
SQASI/20/LBL/759822,HIDF15000115,RGCF/06A/0120/S(19-5116),IMEI,863203041145372
SQASI/20/LBL/759822,HIDF15000115,RGCF/06A/0120/S(19-5116),IMEI,863203041145380
SQASI/20/LBL/759822,HIDF15000115,RGCF/06A/0120/S(19-5116),IMEI,863203041145398
SQASI/20/LBL/759822,HIDF15000115,RGCF/06A/0120/S(19-5116),IMEI,863203041145406
SQASI/20/LBL/759822,HIDF15000115,RGCF/06A/0120/S(19-5116),IMEI,863203041145414
SQASI/20/LBL/759822,HIDF15000115,RGCF/06A/0120/S(19-5116),IMEI,863203041145422
SQASI/20/LBL/759822,HIDF15000115,RGCF/06A/0120/S(19-5116),IMEI,863203041145430
SQASI/20/LBL/759822,HIDF15000115,RGCF/06A/0120/S(19-5116),IMEI,863203041145448
SQASI/20/LBL/759822,HIDF15000115,RGCF/06A/0120/S(19-5116),IMEI,863203041145455
SQASI/20/LBL/759822,HIDF15000115,RGCF/06A/0120/S(19-5116),IMEI,863203041145463
SQASI/20/LBL/759822,HIDF15000115,RGCF/06A/0120/S(19-5116),IMEI,863203041145471
SQASI/20/LBL/759822,HIDF15000115,RGCF/06A/0120/S(19-5116),IMEI,863203041145489
SQASI/20/LBL/759822,HIDF15000115,RGCF/06A/0120/S(19-5116),IMEI,863203041145497
SQASI/20/LBL/759822,HIDF15000115,RGCF/06A/0120/S(19-5116),IMEI,863203041145505
SQASI/20/LBL/759822,HIDF15000115,RGCF/06A/0120/S(19-5116),IMEI,863203041145513
SQASI/20/LBL/759822,HIDF15000115,RGCF/06A/0120/S(19-5116),IMEI,863203041145521
SQASI/20/LBL/759822,HIDF15000115,RGCF/06A/0120/S(19-5116),IMEI,863203041145539
SQASI/20/LBL/759822,HIDF15000115,RGCF/06A/0120/S(19-5116),IMEI,863203041145547
SQASI/20/LBL/759822,HIDF15000115,RGCF/06A/0120/S(19-5116),IMEI,863203041145554
SQASI/20/LBL/759822,HIDF15000115,RGCF/06A/0120/S(19-5116),IMEI,863203041145562
SQASI/20/LBL/759822,HIDF15000115,RGCF/06A/0120/S(19-5116),IMEI,863203041145570
SQASI/20/LBL/759822,HIDF15000115,RGCF/06A/0120/S(19-5116),IMEI,863203041145588
SQASI/20/LBL/759822,HIDF15000115,RGCF/06A/0120/S(19-5116),IMEI,863203041145596
SQASI/20/LBL/759822,HIDF15000115,RGCF/06A/0120/S(19-5116),IMEI,863203041145604
SQASI/20/LBL/759822,HIDF15000115,RGCF/06A/0120/S(19-5116),IMEI,863203041145612
SQASI/20/LBL/759822,HIDF15000115,RGCF/06A/0120/S(19-5116),IMEI,863203041145620
SQASI/20/LBL/759822,HIDF15000115,RGCF/06A/0120/S(19-5116),IMEI,863203041145638
SQASI/20/LBL/759822,HIDF15000115,RGCF/06A/0120/S(19-5116),IMEI,863203041145646
SQASI/20/LBL/759822,HIDF15000115,RGCF/06A/0120/S(19-5116),IMEI,863203041145653
SQASI/20/LBL/759822,HIDF15000115,RGCF/06A/0120/S(19-5116),IMEI,863203041145661
SQASI/20/LBL/759822,HIDF15000115,RGCF/06A/0120/S(19-5116),IMEI,863203041145679
SQASI/20/LBL/759822,HIDF15000115,RGCF/06A/0120/S(19-5116),IMEI,863203041145687
SQASI/20/LBL/759822,HIDF15000115,RGCF/06A/0120/S(19-5116),IMEI,863203041145695
SQASI/20/LBL/759822,HIDF15000115,RGCF/06A/0120/S(19-5116),IMEI,863203041145703
SQASI/20/LBL/759822,HIDF15000115,RGCF/06A/0120/S(19-5116),IMEI,863203041145711
SQASI/20/LBL/759822,HIDF15000115,RGCF/06A/0120/S(19-5116),IMEI,863203041145729
SQASI/20/LBL/759822,HIDF15000115,RGCF/06A/0120/S(19-5116),IMEI,863203041145737
SQASI/20/LBL/759822,HIDF15000115,RGCF/06A/0120/S(19-5116),IMEI,863203041145745
SQASI/20/LBL/759822,HIDF15000115,RGCF/06A/0120/S(19-5116),IMEI,863203041145752
SQASI/20/LBL/759822,HIDF15000115,RGCF/06A/0120/S(19-5116),IMEI,863203041145760
SQASI/20/LBL/759822,HIDF15000115,RGCF/06A/0120/S(19-5116),IMEI,863203041145778
SQASI/20/LBL/759822,HIDF15000115,RGCF/06A/0120/S(19-5116),IMEI,863203041145786
SQASI/20/LBL/759822,HIDF15000115,RGCF/06A/0120/S(19-5116),IMEI,863203041145794
SQASI/20/LBL/759822,HIDF15000115,RGCF/06A/0120/S(19-5116),IMEI,863203041145802
SQASI/20/LBL/759822,HIDF15000115,RGCF/06A/0120/S(19-5116),IMEI,863203041145810
SQASI/20/LBL/759822,HIDF15000115,RGCF/06A/0120/S(19-5116),IMEI,863203041145828
SQASI/20/LBL/759822,HIDF15000115,RGCF/06A/0120/S(19-5116),IMEI,863203041145836
SQASI/20/LBL/759822,HIDF15000115,RGCF/06A/0120/S(19-5116),IMEI,863203041145844
SQASI/20/LBL/759822,HIDF15000115,RGCF/06A/0120/S(19-5116),IMEI,863203041145851
SQASI/20/LBL/759822,HIDF15000115,RGCF/06A/0120/S(19-5116),IMEI,863203041145869
SQASI/20/LBL/759822,HIDF15000115,RGCF/06A/0120/S(19-5116),IMEI,863203041145877
SQASI/20/LBL/759822,HIDF15000115,RGCF/06A/0120/S(19-5116),IMEI,863203041145885
SQASI/20/LBL/759822,HIDF15000115,RGCF/06A/0120/S(19-5116),IMEI,863203041145893
SQASI/20/LBL/759822,HIDF15000115,RGCF/06A/0120/S(19-5116),IMEI,863203041145901
SQASI/20/LBL/759822,HIDF15000115,RGCF/06A/0120/S(19-5116),IMEI,863203041145919
SQASI/20/LBL/759822,HIDF15000115,RGCF/06A/0120/S(19-5116),IMEI,863203041145927
SQASI/20/LBL/759822,HIDF15000115,RGCF/06A/0120/S(19-5116),IMEI,863203041145935
SQASI/20/LBL/759822,HIDF15000115,RGCF/06A/0120/S(19-5116),IMEI,863203041145943
SQASI/20/LBL/759822,HIDF15000115,RGCF/06A/0120/S(19-5116),IMEI,863203041145950
SQASI/20/LBL/759822,HIDF15000115,RGCF/06A/0120/S(19-5116),IMEI,863203041145968
SQASI/20/LBL/759822,HIDF15000115,RGCF/06A/0120/S(19-5116),IMEI,863203041145976
SQASI/20/LBL/759822,HIDF15000115,RGCF/06A/0120/S(19-5116),IMEI,863203041145984
SQASI/20/LBL/759822,HIDF15000115,RGCF/06A/0120/S(19-5116),IMEI,863203041145992
SQASI/20/LBL/759822,HIDF15000115,RGCF/06A/0120/S(19-5116),IMEI,863203041146008
SQASI/20/LBL/759822,HIDF15000115,RGCF/06A/0120/S(19-5116),IMEI,863203041146016
SQASI/20/LBL/759822,HIDF15000115,RGCF/06A/0120/S(19-5116),IMEI,863203041146024
SQASI/20/LBL/759822,HIDF15000115,RGCF/06A/0120/S(19-5116),IMEI,863203041146032
SQASI/20/LBL/759822,HIDF15000115,RGCF/06A/0120/S(19-5116),IMEI,863203041146040
SQASI/20/LBL/759822,HIDF15000115,RGCF/06A/0120/S(19-5116),IMEI,863203041146057
SQASI/20/LBL/759822,HIDF15000115,RGCF/06A/0120/S(19-5116),IMEI,863203041146065
SQASI/20/LBL/759822,HIDF15000115,RGCF/06A/0120/S(19-5116),IMEI,863203041146073
SQASI/20/LBL/759822,HIDF15000115,RGCF/06A/0120/S(19-5116),IMEI,863203041146206
SQASI/20/LBL/759822,HIDF15000115,RGCF/06A/0120/S(19-5116),IMEI,863203041146545
SQASI/20/LBL/759822,HIDF15000115,RGCF/06A/0120/S(19-5116),IMEI,863203041146776
SQASI/20/LBL/759822,HIDF15000115,RGCF/06A/0120/S(19-5116),IMEI,863203041147253
SQASI/20/LBL/759822,HIDF15000115,RGCF/06A/0120/S(19-5116),IMEI,863203041151206
SQASI/20/LBL/759822,HIDF15000115,RGCF/06A/0120/S(19-5116),IMEI,863203041151214
SQASI/20/LBL/759822,HIDF15000115,RGCF/06A/0120/S(19-5116),IMEI,863203041151222
SQASI/20/LBL/759822,HIDF15000115,RGCF/06A/0120/S(19-5116),IMEI,863203041143658
SQASI/20/LBL/759822,HIDF15000115,RGCF/06A/0120/S(19-5116),IMEI,863203041143666
SQASI/20/LBL/759822,HIDF15000115,RGCF/06A/0120/S(19-5116),IMEI,863203041143674
SQASI/20/LBL/759822,HIDF15000115,RGCF/06A/0120/S(19-5116),IMEI,863203041143682
SQASI/20/LBL/759822,HIDF15000115,RGCF/06A/0120/S(19-5116),IMEI,863203041143690
SQASI/20/LBL/759822,HIDF15000115,RGCF/06A/0120/S(19-5116),IMEI,863203041143708
SQASI/20/LBL/759822,HIDF15000115,RGCF/06A/0120/S(19-5116),IMEI,863203041143716
SQASI/20/LBL/759822,HIDF15000115,RGCF/06A/0120/S(19-5116),IMEI,863203041143724
SQASI/20/LBL/759822,HIDF15000115,RGCF/06A/0120/S(19-5116),IMEI,863203041143740
SQASI/20/LBL/759822,HIDF15000115,RGCF/06A/0120/S(19-5116),IMEI,863203041143757
SQASI/20/LBL/759822,HIDF15000115,RGCF/06A/0120/S(19-5116),IMEI,863203041143773
SQASI/20/LBL/759822,HIDF15000115,RGCF/06A/0120/S(19-5116),IMEI,863203041143781
SQASI/20/LBL/759822,HIDF15000115,RGCF/06A/0120/S(19-5116),IMEI,863203041143799
SQASI/20/LBL/759822,HIDF15000115,RGCF/06A/0120/S(19-5116),IMEI,863203041143807
SQASI/20/LBL/759822,HIDF15000115,RGCF/06A/0120/S(19-5116),IMEI,863203041143815
SQASI/20/LBL/759822,HIDF15000115,RGCF/06A/0120/S(19-5116),IMEI,863203041143823
SQASI/20/LBL/759822,HIDF15000115,RGCF/06A/0120/S(19-5116),IMEI,863203041143831
SQASI/20/LBL/759822,HIDF15000115,RGCF/06A/0120/S(19-5116),IMEI,863203041143849
SQASI/20/LBL/759822,HIDF15000115,RGCF/06A/0120/S(19-5116),IMEI,863203041143856
SQASI/20/LBL/759822,HIDF15000115,RGCF/06A/0120/S(19-5116),IMEI,863203041143864
SQASI/20/LBL/759822,HIDF15000115,RGCF/06A/0120/S(19-5116),IMEI,863203041143872
SQASI/20/LBL/759822,HIDF15000115,RGCF/06A/0120/S(19-5116),IMEI,863203041143880
SQASI/20/LBL/759822,HIDF15000115,RGCF/06A/0120/S(19-5116),IMEI,863203041143898
SQASI/20/LBL/759822,HIDF15000115,RGCF/06A/0120/S(19-5116),IMEI,863203041143906
SQASI/20/LBL/759822,HIDF15000115,RGCF/06A/0120/S(19-5116),IMEI,863203041143914
SQASI/20/LBL/759822,HIDF15000115,RGCF/06A/0120/S(19-5116),IMEI,863203041143922
SQASI/20/LBL/759822,HIDF15000115,RGCF/06A/0120/S(19-5116),IMEI,863203041143930
SQASI/20/LBL/759822,HIDF15000115,RGCF/06A/0120/S(19-5116),IMEI,863203041143948
SQASI/20/LBL/759822,HIDF15000115,RGCF/06A/0120/S(19-5116),IMEI,863203041143955
SQASI/20/LBL/759822,HIDF15000115,RGCF/06A/0120/S(19-5116),IMEI,863203041143963
SQASI/20/LBL/759822,HIDF15000115,RGCF/06A/0120/S(19-5116),IMEI,863203041143971
SQASI/20/LBL/759822,HIDF15000115,RGCF/06A/0120/S(19-5116),IMEI,863203041143989
SQASI/20/LBL/759822,HIDF15000115,RGCF/06A/0120/S(19-5116),IMEI,863203041143997
SQASI/20/LBL/759822,HIDF15000115,RGCF/06A/0120/S(19-5116),IMEI,863203041144003
SQASI/20/LBL/759822,HIDF15000115,RGCF/06A/0120/S(19-5116),IMEI,863203041144011
SQASI/20/LBL/759822,HIDF15000115,RGCF/06A/0120/S(19-5116),IMEI,863203041144037
SQASI/20/LBL/759822,HIDF15000115,RGCF/06A/0120/S(19-5116),IMEI,863203041144060
SQASI/20/LBL/759822,HIDF15000115,RGCF/06A/0120/S(19-5116),IMEI,863203041144078
SQASI/20/LBL/759822,HIDF15000115,RGCF/06A/0120/S(19-5116),IMEI,863203041144086
SQASI/20/LBL/759822,HIDF15000115,RGCF/06A/0120/S(19-5116),IMEI,863203041144094
SQASI/20/LBL/759822,HIDF15000115,RGCF/06A/0120/S(19-5116),IMEI,863203041144102
SQASI/20/LBL/759822,HIDF15000115,RGCF/06A/0120/S(19-5116),IMEI,863203041144110
SQASI/20/LBL/759822,HIDF15000115,RGCF/06A/0120/S(19-5116),IMEI,863203041144128
SQASI/20/LBL/759822,HIDF15000115,RGCF/06A/0120/S(19-5116),IMEI,863203041144144
SQASI/20/LBL/759822,HIDF15000115,RGCF/06A/0120/S(19-5116),IMEI,863203041144151
SQASI/20/LBL/759822,HIDF15000115,RGCF/06A/0120/S(19-5116),IMEI,863203041144169
SQASI/20/LBL/759822,HIDF15000115,RGCF/06A/0120/S(19-5116),IMEI,863203041144185
SQASI/20/LBL/759822,HIDF15000115,RGCF/06A/0120/S(19-5116),IMEI,863203041144193
SQASI/20/LBL/759822,HIDF15000115,RGCF/06A/0120/S(19-5116),IMEI,863203041144201
SQASI/20/LBL/759822,HIDF15000115,RGCF/06A/0120/S(19-5116),IMEI,863203041144219
SQASI/20/LBL/759822,HIDF15000115,RGCF/06A/0120/S(19-5116),IMEI,863203041144227
SQASI/20/LBL/759822,HIDF15000115,RGCF/06A/0120/S(19-5116),IMEI,863203041144235
SQASI/20/LBL/759822,HIDF15000115,RGCF/06A/0120/S(19-5116),IMEI,863203041144243
SQASI/20/LBL/759822,HIDF15000115,RGCF/06A/0120/S(19-5116),IMEI,863203041144250
SQASI/20/LBL/759822,HIDF15000115,RGCF/06A/0120/S(19-5116),IMEI,863203041144268
SQASI/20/LBL/759822,HIDF15000115,RGCF/06A/0120/S(19-5116),IMEI,863203041144276
SQASI/20/LBL/759822,HIDF15000115,RGCF/06A/0120/S(19-5116),IMEI,863203041144284
SQASI/20/LBL/759822,HIDF15000115,RGCF/06A/0120/S(19-5116),IMEI,863203041144292
SQASI/20/LBL/759822,HIDF15000115,RGCF/06A/0120/S(19-5116),IMEI,863203041144300
SQASI/20/LBL/759822,HIDF15000115,RGCF/06A/0120/S(19-5116),IMEI,863203041144318
SQASI/20/LBL/759822,HIDF15000115,RGCF/06A/0120/S(19-5116),IMEI,863203041144326
SQASI/20/LBL/759822,HIDF15000115,RGCF/06A/0120/S(19-5116),IMEI,863203041144334
SQASI/20/LBL/759822,HIDF15000115,RGCF/06A/0120/S(19-5116),IMEI,863203041144342
SQASI/20/LBL/759822,HIDF15000115,RGCF/06A/0120/S(19-5116),IMEI,863203041144367
SQASI/20/LBL/759822,HIDF15000115,RGCF/06A/0120/S(19-5116),IMEI,863203041144375
SQASI/20/LBL/759822,HIDF15000115,RGCF/06A/0120/S(19-5116),IMEI,863203041144383
SQASI/20/LBL/759822,HIDF15000115,RGCF/06A/0120/S(19-5116),IMEI,863203041144391
SQASI/20/LBL/759822,HIDF15000115,RGCF/06A/0120/S(19-5116),IMEI,863203041144409
SQASI/20/LBL/759822,HIDF15000115,RGCF/06A/0120/S(19-5116),IMEI,863203041144417
SQASI/20/LBL/759822,HIDF15000115,RGCF/06A/0120/S(19-5116),IMEI,863203041144425
SQASI/20/LBL/759822,HIDF15000115,RGCF/06A/0120/S(19-5116),IMEI,863203041144433
SQASI/20/LBL/759822,HIDF15000115,RGCF/06A/0120/S(19-5116),IMEI,863203041144441
SQASI/20/LBL/759822,HIDF15000115,RGCF/06A/0120/S(19-5116),IMEI,863203041144458
SQASI/20/LBL/759822,HIDF15000115,RGCF/06A/0120/S(19-5116),IMEI,863203041144466
SQASI/20/LBL/759822,HIDF15000115,RGCF/06A/0120/S(19-5116),IMEI,863203041144474
SQASI/20/LBL/759822,HIDF15000115,RGCF/06A/0120/S(19-5116),IMEI,863203041144482
SQASI/20/LBL/759822,HIDF15000115,RGCF/06A/0120/S(19-5116),IMEI,863203041144490
SQASI/20/LBL/759822,HIDF15000115,RGCF/06A/0120/S(19-5116),IMEI,863203041144508
SQASI/20/LBL/759822,HIDF15000115,RGCF/06A/0120/S(19-5116),IMEI,863203041144516
SQASI/20/LBL/759822,HIDF15000115,RGCF/06A/0120/S(19-5116),IMEI,863203041144524
SQASI/20/LBL/759822,HIDF15000115,RGCF/06A/0120/S(19-5116),IMEI,863203041144532
SQASI/20/LBL/759822,HIDF15000115,RGCF/06A/0120/S(19-5116),IMEI,863203041144540
SQASI/20/LBL/759822,HIDF15000115,RGCF/06A/0120/S(19-5116),IMEI,863203041144557
SQASI/20/LBL/759822,HIDF15000115,RGCF/06A/0120/S(19-5116),IMEI,863203041144565
SQASI/20/LBL/759822,HIDF15000115,RGCF/06A/0120/S(19-5116),IMEI,863203041144573
SQASI/20/LBL/759822,HIDF15000115,RGCF/06A/0120/S(19-5116),IMEI,863203041144581
SQASI/20/LBL/759822,HIDF15000115,RGCF/06A/0120/S(19-5116),IMEI,863203041144599
SQASI/20/LBL/759822,HIDF15000115,RGCF/06A/0120/S(19-5116),IMEI,863203041144607
SQASI/20/LBL/759822,HIDF15000115,RGCF/06A/0120/S(19-5116),IMEI,863203041144615
SQASI/20/LBL/759822,HIDF15000115,RGCF/06A/0120/S(19-5116),IMEI,863203041144623
SQASI/20/LBL/759822,HIDF15000115,RGCF/06A/0120/S(19-5116),IMEI,863203041144631
SQASI/20/LBL/759822,HIDF15000115,RGCF/06A/0120/S(19-5116),IMEI,863203041144649
SQASI/20/LBL/759822,HIDF15000115,RGCF/06A/0120/S(19-5116),IMEI,863203041144656
SQASI/20/LBL/759822,HIDF15000115,RGCF/06A/0120/S(19-5116),IMEI,863203041144664
SQASI/20/LBL/759822,HIDF15000115,RGCF/06A/0120/S(19-5116),IMEI,863203041144672
SQASI/20/LBL/759822,HIDF15000115,RGCF/06A/0120/S(19-5116),IMEI,863203041144680
SQASI/20/LBL/759822,HIDF15000115,RGCF/06A/0120/S(19-5116),IMEI,863203041144698
SQASI/20/LBL/759822,HIDF15000115,RGCF/06A/0120/S(19-5116),IMEI,863203041144706
SQASI/20/LBL/759822,HIDF15000115,RGCF/06A/0120/S(19-5116),IMEI,863203041144714
SQASI/20/LBL/759822,HIDF15000115,RGCF/06A/0120/S(19-5116),IMEI,863203041144722
SQASI/20/LBL/759822,HIDF15000115,RGCF/06A/0120/S(19-5116),IMEI,863203041144730
SQASI/20/LBL/759822,HIDF15000115,RGCF/06A/0120/S(19-5116),IMEI,863203041144748
SQASI/20/LBL/759822,HIDF15000115,RGCF/06A/0120/S(19-5116),IMEI,863203041144755
SQASI/20/LBL/759822,HIDF15000115,RGCF/06A/0120/S(19-5116),IMEI,863203041144763
SQASI/20/LBL/759822,HIDF15000115,RGCF/06A/0120/S(19-5116),IMEI,863203041144771
SQASI/20/LBL/759822,HIDF15000115,RGCF/06A/0120/S(19-5116),IMEI,863203041144789
SQASI/20/LBL/759822,HIDF15000115,RGCF/06A/0120/S(19-5116),IMEI,863203041144797
SQASI/20/LBL/759822,HIDF15000115,RGCF/06A/0120/S(19-5116),IMEI,863203041144805
SQASI/20/LBL/759822,HIDF15000115,RGCF/06A/0120/S(19-5116),IMEI,863203041144813
SQASI/20/LBL/759822,HIDF15000115,RGCF/06A/0120/S(19-5116),IMEI,863203041144821
SQASI/20/LBL/759822,HIDF15000115,RGCF/06A/0120/S(19-5116),IMEI,863203041144839
SQASI/20/LBL/759822,HIDF15000115,RGCF/06A/0120/S(19-5116),IMEI,863203041144847
SQASI/20/LBL/759822,HIDF15000115,RGCF/06A/0120/S(19-5116),IMEI,863203041144854
SQASI/20/LBL/759822,HIDF15000115,RGCF/06A/0120/S(19-5116),IMEI,863203041144862
SQASI/20/LBL/759822,HIDF15000115,RGCF/06A/0120/S(19-5116),IMEI,863203041144870
SQASI/20/LBL/759822,HIDF15000115,RGCF/06A/0120/S(19-5116),IMEI,863203041144888
SQASI/20/LBL/759822,HIDF15000115,RGCF/06A/0120/S(19-5116),IMEI,863203041144896
SQASI/20/LBL/759822,HIDF15000115,RGCF/06A/0120/S(19-5116),IMEI,863203041144904
SQASI/20/LBL/759822,HIDF15000115,RGCF/06A/0120/S(19-5116),IMEI,863203041144912
SQASI/20/LBL/759822,HIDF15000115,RGCF/06A/0120/S(19-5116),IMEI,863203041144920